P,urn:isro:isda:ch2_cho:tmc_calibration:ch2tmcforee1g1v1lsb.txt::1.0
P,urn:isro:isda:ch2_cho:tmc_calibration:ch2tmcforee1g1v1mid.txt::1.0
P,urn:isro:isda:ch2_cho:tmc_calibration:ch2tmcforee1g1v1msb.txt::1.0
P,urn:isro:isda:ch2_cho:tmc_calibration:ch2tmcforee1g1v2msb.txt::2.0
P,urn:isro:isda:ch2_cho:tmc_calibration:ch2tmcforee2g1v1lsb.txt::1.0
P,urn:isro:isda:ch2_cho:tmc_calibration:ch2tmcforee2g1v1mid.txt::1.0
P,urn:isro:isda:ch2_cho:tmc_calibration:ch2tmcforee2g1v1msb.txt::1.0
P,urn:isro:isda:ch2_cho:tmc_calibration:ch2tmcforee3g1v1lsb.txt::1.0
P,urn:isro:isda:ch2_cho:tmc_calibration:ch2tmcforee3g1v1mid.txt::1.0
P,urn:isro:isda:ch2_cho:tmc_calibration:ch2tmcforee3g1v1msb.txt::1.0
P,urn:isro:isda:ch2_cho:tmc_calibration:ch2tmcforee4g1v1lsb.txt::1.0
P,urn:isro:isda:ch2_cho:tmc_calibration:ch2tmcforee4g1v1mid.txt::1.0
P,urn:isro:isda:ch2_cho:tmc_calibration:ch2tmcforee4g1v1msb.txt::1.0
P,urn:isro:isda:ch2_cho:tmc_calibration:ch2tmcafte1g1v1lsb.txt::1.0
P,urn:isro:isda:ch2_cho:tmc_calibration:ch2tmcafte1g1v1mid.txt::1.0
P,urn:isro:isda:ch2_cho:tmc_calibration:ch2tmcafte1g1v1msb.txt::1.0
P,urn:isro:isda:ch2_cho:tmc_calibration:ch2tmcafte1g1v2msb.txt::2.0
P,urn:isro:isda:ch2_cho:tmc_calibration:ch2tmcafte2g1v1lsb.txt::1.0
P,urn:isro:isda:ch2_cho:tmc_calibration:ch2tmcafte2g1v1mid.txt::1.0
P,urn:isro:isda:ch2_cho:tmc_calibration:ch2tmcafte2g1v1msb.txt::1.0
P,urn:isro:isda:ch2_cho:tmc_calibration:ch2tmcafte3g1v1lsb.txt::1.0
P,urn:isro:isda:ch2_cho:tmc_calibration:ch2tmcafte3g1v1mid.txt::1.0
P,urn:isro:isda:ch2_cho:tmc_calibration:ch2tmcafte3g1v1msb.txt::1.0
P,urn:isro:isda:ch2_cho:tmc_calibration:ch2tmcafte4g1v1lsb.txt::1.0
P,urn:isro:isda:ch2_cho:tmc_calibration:ch2tmcafte4g1v1mid.txt::1.0
P,urn:isro:isda:ch2_cho:tmc_calibration:ch2tmcafte4g1v1msb.txt::1.0
P,urn:isro:isda:ch2_cho:tmc_calibration:ch2tmcnadire1g1v1lsb.txt::1.0
P,urn:isro:isda:ch2_cho:tmc_calibration:ch2tmcnadire1g1v1mid.txt::1.0
P,urn:isro:isda:ch2_cho:tmc_calibration:ch2tmcnadire1g1v1msb.txt::1.0
P,urn:isro:isda:ch2_cho:tmc_calibration:ch2tmcnadire1g1v2msb.txt::2.0
P,urn:isro:isda:ch2_cho:tmc_calibration:ch2tmcnadire2g1v1lsb.txt::1.0
P,urn:isro:isda:ch2_cho:tmc_calibration:ch2tmcnadire2g1v1mid.txt::1.0
P,urn:isro:isda:ch2_cho:tmc_calibration:ch2tmcnadire2g1v1msb.txt::1.0
P,urn:isro:isda:ch2_cho:tmc_calibration:ch2tmcnadire3g1v1lsb.txt::1.0
P,urn:isro:isda:ch2_cho:tmc_calibration:ch2tmcnadire3g1v1mid.txt::1.0
P,urn:isro:isda:ch2_cho:tmc_calibration:ch2tmcnadire3g1v1msb.txt::1.0
P,urn:isro:isda:ch2_cho:tmc_calibration:ch2tmcnadire4g1v1lsb.txt::1.0
P,urn:isro:isda:ch2_cho:tmc_calibration:ch2tmcnadire4g1v1mid.txt::1.0
P,urn:isro:isda:ch2_cho:tmc_calibration:ch2tmcnadire4g1v1msb.txt::1.0
